{"v":"5.5.5","fr":30,"ip":0,"op":43,"w":105,"h":105,"nm":"Download","ddd":0,"assets":[],"layers":[{"ddd":0,"ind":1,"ty":4,"nm":"Flecha","sr":1,"ks":{"o":{"a":0,"k":100,"ix":11},"r":{"a":0,"k":0,"ix":10},"p":{"a":1,"k":[{"i":{"x":0.667,"y":1},"o":{"x":0.792,"y":0},"t":0,"s":[52.5,45,0],"to":[0,1.25,0],"ti":[0,0,0]},{"i":{"x":0.667,"y":1},"o":{"x":1,"y":0},"t":10,"s":[52.5,52.5,0],"to":[0,0,0],"ti":[0,0,0]},{"i":{"x":0.667,"y":1},"o":{"x":0.333,"y":0},"t":18,"s":[52.5,45,0],"to":[0,0,0],"ti":[0,0,0]},{"i":{"x":0.667,"y":1},"o":{"x":0.652,"y":0},"t":26,"s":[52.5,52.5,0],"to":[0,0,0],"ti":[0,1.25,0]},{"t":36,"s":[52.5,45,0]}],"ix":2},"a":{"a":0,"k":[51,51,0],"ix":1},"s":{"a":0,"k":[100,100,100],"ix":6}},"ao":0,"shapes":[{"ty":"gr","it":[{"ind":0,"ty":"sh","ix":1,"ks":{"a":0,"k":{"i":[[1.1,-1.101],[0,0],[0,0],[1.5,0],[0,-1.5],[0,0],[0,0],[1.3,-0.9],[-0.9,-1.3],[0,0],[-0.7,0],[-0.5,0.5],[0,0],[1.101,1.1]],"o":[[0,0],[0,0],[0,-1.5],[-1.5,0],[0,0],[0,0],[-0.9,-1.101],[-1.1,0.9],[0,0],[0.6,0.6],[0.7,0],[0,0],[0.9,-1.101],[-0.099,-0.9]],"v":[[16,26.1],[4.1,40.4],[4.1,-10.8],[1.3,-13.6],[-1.5,-10.8],[-1.5,40.4],[-13.4,26.1],[-17.3,25.7],[-17.7,29.6],[-1.2,49.7],[0.8,50.6],[2.8,49.7],[19.3,29.6],[18.899,25.7]],"c":true},"ix":2},"nm":"Trazado 1","mn":"ADBE Vector Shape - Group","hd":false},{"ty":"mm","mm":1,"nm":"Combinar trazados 1","mn":"ADBE Vector Filter - Merge","hd":false},{"ty":"mm","mm":4,"nm":"Combinar trazados 2","mn":"ADBE Vector Filter - Merge","hd":false},{"ty":"fl","c":{"a":0,"k":[0,0.6196078431372549,0.3333333333333333,1],"ix":4},"o":{"a":0,"k":100,"ix":5},"r":1,"bm":0,"nm":"Relleno 1","mn":"ADBE Vector Graphic - Fill","hd":false},{"ty":"tr","p":{"a":0,"k":[50.7,50.6],"ix":2},"a":{"a":0,"k":[0,0],"ix":1},"s":{"a":0,"k":[100,100],"ix":3},"r":{"a":0,"k":0,"ix":6},"o":{"a":0,"k":100,"ix":7},"sk":{"a":0,"k":0,"ix":4},"sa":{"a":0,"k":0,"ix":5},"nm":"Transformar"}],"nm":"Grupo 1","np":4,"cix":2,"bm":0,"ix":1,"mn":"ADBE Vector Group","hd":false}],"ip":0,"op":140,"st":0,"bm":0},{"ddd":0,"ind":2,"ty":4,"nm":"Nube","sr":1,"ks":{"o":{"a":0,"k":100,"ix":11},"r":{"a":0,"k":0,"ix":10},"p":{"a":0,"k":[52.5,52.5,0],"ix":2},"a":{"a":0,"k":[51,51,0],"ix":1},"s":{"a":0,"k":[100,100,100],"ix":6}},"ao":0,"shapes":[{"ty":"gr","it":[{"ind":0,"ty":"sh","ix":1,"ks":{"a":0,"k":{"i":[[0,-10.9],[11.201,0],[0,0],[0,1.5],[-1.5,0],[0,0],[0,8.2],[8.2,0],[0,0],[0.2,1.3],[13,0],[2.2,-12.8],[1.5,0.2],[0,0],[0,-8.2],[-8.2,0],[0,0],[0,-1.5],[1.5,0],[0,0],[0,11.2],[-11,0.2],[-14.8,0],[-3.599,-14]],"o":[[0,11.1],[0,0],[-1.5,0],[0,-1.5],[0,0],[8.2,0],[0,-8.2],[0,0],[-1.5,0.2],[-2,-12.6],[-12.8,0],[-0.2,1.5],[0,0],[-8.2,0],[0,8.2],[0,0],[1.5,0],[0,1.5],[0,0],[-11.2,0],[0,-11],[3.5,-14.1],[14.7,0.1],[11.101,0.2]],"v":[[50.7,-6.4],[30.399,13.9],[14.7,13.9],[11.899,11.1],[14.7,8.3],[30.5,8.3],[45.399,-6.6],[30.5,-21.5],[29,-21.5],[26,-23.7],[0,-45.6],[-26,-23.7],[-29,-21.5],[-30.5,-21.5],[-45.4,-6.6],[-30.5,8.3],[-13.4,8.3],[-10.6,11.1],[-13.4,13.9],[-30.4,13.9],[-50.7,-6.4],[-30.8,-26.7],[0,-50.7],[30.899,-26.6]],"c":true},"ix":2},"nm":"Trazado 2","mn":"ADBE Vector Shape - Group","hd":false},{"ty":"mm","mm":1,"nm":"Combinar trazados 1","mn":"ADBE Vector Filter - Merge","hd":false},{"ty":"mm","mm":4,"nm":"Combinar trazados 2","mn":"ADBE Vector Filter - Merge","hd":false},{"ty":"fl","c":{"a":0,"k":[0,0.6196078431372549,0.3333333333333333,1],"ix":4},"o":{"a":0,"k":100,"ix":5},"r":1,"bm":0,"nm":"Relleno 1","mn":"ADBE Vector Graphic - Fill","hd":false},{"ty":"tr","p":{"a":0,"k":[50.7,50.6],"ix":2},"a":{"a":0,"k":[0,0],"ix":1},"s":{"a":0,"k":[100,100],"ix":3},"r":{"a":0,"k":0,"ix":6},"o":{"a":0,"k":100,"ix":7},"sk":{"a":0,"k":0,"ix":4},"sa":{"a":0,"k":0,"ix":5},"nm":"Transformar"}],"nm":"Grupo 1","np":4,"cix":2,"bm":0,"ix":1,"mn":"ADBE Vector Group","hd":false}],"ip":0,"op":140,"st":0,"bm":0}],"markers":[]}