{"v":"5.5.1","fr":30,"ip":0,"op":60,"w":240,"h":240,"nm":"Setting","ddd":0,"assets":[],"layers":[{"ddd":0,"ind":1,"ty":4,"nm":"Big","sr":1,"ks":{"o":{"a":0,"k":100,"ix":11},"r":{"a":1,"k":[{"i":{"x":[0.833],"y":[0.833]},"o":{"x":[0.167],"y":[0.167]},"t":0,"s":[0]},{"i":{"x":[0.667],"y":[1]},"o":{"x":[0.167],"y":[0.167]},"t":15,"s":[45]},{"t":60,"s":[180]}],"ix":10},"p":{"a":0,"k":[86.04750000000001,133.723125,0],"ix":2},"a":{"a":0,"k":[29.892,55.319,0],"ix":1},"s":{"a":0,"k":[187.5,187.5,100],"ix":6}},"ao":0,"shapes":[{"ty":"gr","it":[{"ind":0,"ty":"sh","ix":1,"ks":{"a":0,"k":{"i":[[10.515,0],[0,10.515],[-10.514,0],[0,-10.516]],"o":[[-10.514,0],[0,-10.516],[10.515,0],[0,10.515]],"v":[[-0.001,19.035],[-19.036,-0.001],[-0.001,-19.035],[19.035,-0.001]],"c":true},"ix":2},"nm":"Path 1","mn":"ADBE Vector Shape - Group","hd":false},{"ind":1,"ty":"sh","ix":2,"ks":{"a":0,"k":{"i":[[0.223,0.731],[0,0],[0,0],[0,0],[0.555,0.518],[0,0],[0,0],[0,0],[0.747,0.174],[0,0],[0,0],[0,0],[0.73,-0.217],[0,0],[0,0],[0,0],[0.514,-0.558],[0,0],[0,0],[0,0],[0.179,-0.748],[0,0],[0,0],[0,0],[-0.224,-0.728],[0,0],[0,0],[0,0],[-0.55,-0.52],[0,0],[0,0],[0,0],[-0.748,-0.173],[0,0],[0,0],[0,0],[-0.73,0.223],[0,0],[0,0],[0,0],[-0.518,0.552],[0,0],[0,0],[0,0],[-0.174,0.748],[0,0],[0,0],[0,0]],"o":[[0,0],[0,0],[0,0],[-0.507,-0.569],[0,0],[0,0],[0,0],[-0.722,-0.236],[0,0],[0,0],[0,0],[-0.747,0.156],[0,0],[0,0],[0,0],[-0.562,0.508],[0,0],[0,0],[0,0],[-0.235,0.724],[0,0],[0,0],[0,0],[0.154,0.747],[0,0],[0,0],[0,0],[0.507,0.563],[0,0],[0,0],[0,0],[0.722,0.235],[0,0],[0,0],[0,0],[0.753,-0.161],[0,0],[0,0],[0,0],[0.569,-0.507],[0,0],[0,0],[0,0],[0.236,-0.728],[0,0],[0,0],[0,0],[-0.156,-0.754]],"v":[[25.422,-7.7],[27.48,-12.189],[24.538,-17.286],[19.764,-17.736],[18.171,-19.368],[17.706,-24.299],[12.602,-27.238],[8.253,-25.249],[6.042,-25.868],[3.182,-29.895],[-2.706,-29.895],[-5.48,-25.993],[-7.704,-25.428],[-12.197,-27.48],[-17.292,-24.54],[-17.743,-19.764],[-19.368,-18.169],[-24.299,-17.706],[-27.245,-12.604],[-25.257,-8.254],[-25.874,-6.042],[-29.896,-3.18],[-29.896,2.706],[-25.997,5.48],[-25.428,7.702],[-27.486,12.196],[-24.538,17.292],[-19.764,17.743],[-18.176,19.368],[-17.706,24.298],[-12.611,27.245],[-8.26,25.256],[-6.049,25.874],[-3.189,29.895],[2.706,29.895],[5.473,25.997],[7.699,25.428],[12.189,27.486],[17.286,24.538],[17.736,19.764],[19.367,18.174],[24.298,17.706],[27.238,12.603],[25.249,8.258],[25.868,6.049],[29.896,3.189],[29.896,-2.706],[25.992,-5.473]],"c":true},"ix":2},"nm":"Path 2","mn":"ADBE Vector Shape - Group","hd":false},{"ty":"fl","c":{"a":0,"k":[0.2823529411764706,0.592156862745098,0.41568627450980394,1],"ix":4},"o":{"a":0,"k":100,"ix":5},"r":1,"bm":0,"nm":"Fill 1","mn":"ADBE Vector Graphic - Fill","hd":false},{"ty":"tr","p":{"a":0,"k":[29.896,55.317],"ix":2},"a":{"a":0,"k":[0,0],"ix":1},"s":{"a":0,"k":[100,100],"ix":3},"r":{"a":0,"k":0,"ix":6},"o":{"a":0,"k":100,"ix":7},"sk":{"a":0,"k":0,"ix":4},"sa":{"a":0,"k":0,"ix":5},"nm":"Transform"}],"nm":"Group 3","np":3,"cix":2,"bm":0,"ix":1,"mn":"ADBE Vector Group","hd":false},{"ty":"gr","it":[{"ind":0,"ty":"sh","ix":1,"ks":{"a":0,"k":{"i":[[5.9,0],[0,5.9],[-5.9,0],[0,-5.9]],"o":[[-5.9,0],[0,-5.9],[5.9,0],[0,5.9]],"v":[[0.003,10.68],[-10.679,-0.002],[0.003,-10.685],[10.685,-0.002]],"c":true},"ix":2},"nm":"Path 1","mn":"ADBE Vector Shape - Group","hd":false},{"ind":1,"ty":"sh","ix":2,"ks":{"a":0,"k":{"i":[[8.235,0],[0,-8.23],[-8.235,0],[0,8.235]],"o":[[-8.235,0],[0,8.235],[8.235,0],[0,-8.23]],"v":[[0.003,-14.904],[-14.905,-0.002],[0.003,14.904],[14.905,-0.002]],"c":true},"ix":2},"nm":"Path 2","mn":"ADBE Vector Shape - Group","hd":false},{"ty":"fl","c":{"a":0,"k":[0,0,0,1],"ix":4},"o":{"a":0,"k":100,"ix":5},"r":1,"bm":0,"nm":"Fill 1","mn":"ADBE Vector Graphic - Fill","hd":false},{"ty":"tr","p":{"a":0,"k":[29.892,55.319],"ix":2},"a":{"a":0,"k":[0,0],"ix":1},"s":{"a":0,"k":[100,100],"ix":3},"r":{"a":0,"k":0,"ix":6},"o":{"a":0,"k":100,"ix":7},"sk":{"a":0,"k":0,"ix":4},"sa":{"a":0,"k":0,"ix":5},"nm":"Transform"}],"nm":"Group 4","np":3,"cix":2,"bm":0,"ix":2,"mn":"ADBE Vector Group","hd":false}],"ip":0,"op":300,"st":0,"bm":0},{"ddd":0,"ind":2,"ty":4,"nm":"Small","sr":1,"ks":{"o":{"a":0,"k":100,"ix":11},"r":{"a":1,"k":[{"i":{"x":[0.833],"y":[0.833]},"o":{"x":[0.167],"y":[0.167]},"t":0,"s":[0]},{"i":{"x":[0.667],"y":[1]},"o":{"x":[0.167],"y":[0.167]},"t":15,"s":[-90]},{"t":60,"s":[-360]}],"ix":10},"p":{"a":0,"k":[171.69187499999998,99.2925,0],"ix":2},"a":{"a":0,"k":[75.569,36.956,0],"ix":1},"s":{"a":0,"k":[187.5,187.5,100],"ix":6}},"ao":0,"shapes":[{"ty":"gr","it":[{"ind":0,"ty":"sh","ix":1,"ks":{"a":0,"k":{"i":[[7.19,0],[0,7.184],[-7.179,0],[0,-7.185]],"o":[[-7.179,0],[0,-7.185],[7.19,0],[0,7.184]],"v":[[-0.003,13.016],[-13.015,0.005],[-0.003,-13.008],[13.013,0.005]],"c":true},"ix":2},"nm":"Path 1","mn":"ADBE Vector Shape - Group","hd":false},{"ind":1,"ty":"sh","ix":2,"ks":{"a":0,"k":{"i":[[0,0],[0,0],[0,0],[0.148,0.501],[0,0],[0,0],[0,0],[0.378,0.352],[0,0],[0,0],[0,0],[0.507,0.117],[0,0],[0,0],[0,0],[0.496,-0.149],[0,0],[0,0],[0,0],[0.359,-0.385],[0,0],[0,0],[0,0],[0.122,-0.507],[0,0],[0,0],[0,0],[-0.155,-0.494],[0,0],[0,0],[0,0],[-0.377,-0.351],[0,0],[0,0],[0,0],[-0.514,-0.123],[0,0],[0,0],[0,0],[-0.493,0.155],[0,0],[0,0],[0,0],[-0.359,0.383],[0,0],[0,0],[0,0],[-0.116,0.512]],"o":[[0,0],[0,0],[-0.11,-0.511],[0,0],[0,0],[0,0],[-0.345,-0.388],[0,0],[0,0],[0,0],[-0.495,-0.16],[0,0],[0,0],[0,0],[-0.519,0.105],[0,0],[0,0],[0,0],[-0.389,0.348],[0,0],[0,0],[0,0],[-0.166,0.496],[0,0],[0,0],[0,0],[0.106,0.518],[0,0],[0,0],[0,0],[0.345,0.383],[0,0],[0,0],[0,0],[0.494,0.161],[0,0],[0,0],[0,0],[0.514,-0.104],[0,0],[0,0],[0,0],[0.389,-0.346],[0,0],[0,0],[0,0],[0.167,-0.499],[0,0]],"v":[[20.434,2.178],[20.434,-1.842],[17.771,-3.741],[17.382,-5.26],[18.784,-8.331],[16.776,-11.816],[13.508,-12.124],[12.421,-13.236],[12.1,-16.605],[8.616,-18.617],[5.644,-17.258],[4.136,-17.678],[2.177,-20.435],[-1.844,-20.435],[-3.741,-17.765],[-5.261,-17.375],[-8.331,-18.784],[-11.815,-16.77],[-12.124,-13.508],[-13.243,-12.413],[-16.609,-12.099],[-18.618,-8.615],[-17.258,-5.638],[-17.684,-4.129],[-20.434,-2.171],[-20.434,1.852],[-17.765,3.749],[-17.376,5.268],[-18.785,8.339],[-16.77,11.822],[-13.508,12.132],[-12.421,13.243],[-12.101,16.611],[-8.615,18.624],[-5.644,17.264],[-4.13,17.691],[-2.178,20.434],[1.851,20.434],[3.747,17.77],[5.26,17.382],[8.331,18.792],[11.815,16.777],[12.125,13.514],[13.243,12.421],[16.61,12.105],[18.623,8.621],[17.258,5.65],[17.684,4.137]],"c":true},"ix":2},"nm":"Path 2","mn":"ADBE Vector Shape - Group","hd":false},{"ty":"fl","c":{"a":0,"k":[0.2823529411764706,0.592156862745098,0.41568627450980394,1],"ix":4},"o":{"a":0,"k":100,"ix":5},"r":1,"bm":0,"nm":"Fill 1","mn":"ADBE Vector Graphic - Fill","hd":false},{"ty":"tr","p":{"a":0,"k":[75.566,36.952],"ix":2},"a":{"a":0,"k":[0,0],"ix":1},"s":{"a":0,"k":[100,100],"ix":3},"r":{"a":0,"k":0,"ix":6},"o":{"a":0,"k":100,"ix":7},"sk":{"a":0,"k":0,"ix":4},"sa":{"a":0,"k":0,"ix":5},"nm":"Transform"}],"nm":"Group 1","np":3,"cix":2,"bm":0,"ix":1,"mn":"ADBE Vector Group","hd":false},{"ty":"gr","it":[{"ind":0,"ty":"sh","ix":1,"ks":{"a":0,"k":{"i":[[4.034,0],[0,4.034],[-4.028,0],[0,-4.036]],"o":[[-4.028,0],[0,-4.036],[4.034,0],[0,4.034]],"v":[[-0.005,7.303],[-7.307,0.001],[-0.005,-7.301],[7.297,0.001]],"c":true},"ix":2},"nm":"Path 1","mn":"ADBE Vector Shape - Group","hd":false},{"ind":1,"ty":"sh","ix":2,"ks":{"a":0,"k":{"i":[[5.634,0],[0,-5.629],[-5.622,0],[0,5.628]],"o":[[-5.622,0],[0,5.628],[5.634,0],[0,-5.629]],"v":[[-0.005,-10.188],[-10.188,0.001],[-0.005,10.188],[10.188,0.001]],"c":true},"ix":2},"nm":"Path 2","mn":"ADBE Vector Shape - Group","hd":false},{"ty":"fl","c":{"a":0,"k":[0,0,0,1],"ix":4},"o":{"a":0,"k":100,"ix":5},"r":1,"bm":0,"nm":"Fill 1","mn":"ADBE Vector Graphic - Fill","hd":false},{"ty":"tr","p":{"a":0,"k":[75.569,36.956],"ix":2},"a":{"a":0,"k":[0,0],"ix":1},"s":{"a":0,"k":[100,100],"ix":3},"r":{"a":0,"k":0,"ix":6},"o":{"a":0,"k":100,"ix":7},"sk":{"a":0,"k":0,"ix":4},"sa":{"a":0,"k":0,"ix":5},"nm":"Transform"}],"nm":"Group 2","np":3,"cix":2,"bm":0,"ix":2,"mn":"ADBE Vector Group","hd":false}],"ip":0,"op":300,"st":0,"bm":0}],"markers":[]}