{"v":"4.9.0","fr":30,"ip":0,"op":38,"w":315,"h":280,"nm":"new","ddd":0,"assets":[],"layers":[{"ddd":0,"ind":1,"ty":4,"nm":"bodyband Konturen","parent":3,"sr":1,"ks":{"o":{"a":0,"k":100},"r":{"a":0,"k":0},"p":{"a":0,"k":[157.5,129,0]},"a":{"a":0,"k":[157.5,140,0]},"s":{"a":0,"k":[100,100,100]}},"ao":0,"shapes":[{"ty":"gr","it":[{"ind":0,"ty":"sh","ix":1,"ks":{"a":1,"k":[{"i":{"x":0.667,"y":1},"o":{"x":0.333,"y":0},"n":"0p667_1_0p333_0","t":9,"s":[{"i":[[0,0],[0,0],[0,0],[0,0]],"o":[[0,0],[0,0],[0,0],[0,0]],"v":[[-14.5,52],[14.5,52],[14.5,52.25],[-14.5,52.25]],"c":true}],"e":[{"i":[[0,0],[0,0],[0,0],[0,0]],"o":[[0,0],[0,0],[0,0],[0,0]],"v":[[-14.5,-41],[14.5,-41],[14.5,52.25],[-14.5,52.25]],"c":true}]},{"t":19.111328125}]},"nm":"Pfad 1","mn":"ADBE Vector Shape - Group"},{"ty":"fl","c":{"a":0,"k":[0,0,0,1]},"o":{"a":0,"k":100},"r":1,"nm":"Fläche 1","mn":"ADBE Vector Graphic - Fill"},{"ty":"tr","p":{"a":0,"k":[160.5,184],"ix":2},"a":{"a":0,"k":[0,0],"ix":1},"s":{"a":0,"k":[100,100],"ix":3},"r":{"a":0,"k":0,"ix":6},"o":{"a":0,"k":100,"ix":7},"sk":{"a":0,"k":0,"ix":4},"sa":{"a":0,"k":0,"ix":5},"nm":"Transformieren"}],"nm":"Gruppe 1","np":2,"cix":2,"ix":1,"mn":"ADBE Vector Group"}],"ip":0,"op":150,"st":0,"bm":0},{"ddd":0,"ind":2,"ty":4,"nm":"topband Konturen","parent":4,"sr":1,"ks":{"o":{"a":0,"k":100},"r":{"a":0,"k":0},"p":{"a":0,"k":[157.5,140,0]},"a":{"a":0,"k":[157.5,140,0]},"s":{"a":0,"k":[100,100,100]}},"ao":0,"shapes":[{"ty":"gr","it":[{"ind":0,"ty":"sh","ix":1,"ks":{"a":1,"k":[{"i":{"x":0.667,"y":1},"o":{"x":0.333,"y":0},"n":"0p667_1_0p333_0","t":16.777,"s":[{"i":[[0,0],[0,0],[0,0],[0,0]],"o":[[0,0],[0,0],[0,0],[0,0]],"v":[[-14.5,-14.5],[14.5,-14.5],[15.036,-14.207],[-13.964,-14.207]],"c":true}],"e":[{"i":[[0,0],[0,0],[0,0],[0,0]],"o":[[0,0],[0,0],[0,0],[0,0]],"v":[[-14.5,-14.5],[14.5,-14.5],[14.5,14.5],[-14.5,14.5]],"c":true}]},{"t":23}]},"nm":"Pfad 1","mn":"ADBE Vector Shape - Group"},{"ty":"fl","c":{"a":0,"k":[0,0,0,1]},"o":{"a":0,"k":100},"r":1,"nm":"Fläche 1","mn":"ADBE Vector Graphic - Fill"},{"ty":"tr","p":{"a":0,"k":[160.5,128.5],"ix":2},"a":{"a":0,"k":[0,0],"ix":1},"s":{"a":0,"k":[100,100],"ix":3},"r":{"a":0,"k":0,"ix":6},"o":{"a":0,"k":100,"ix":7},"sk":{"a":0,"k":0,"ix":4},"sa":{"a":0,"k":0,"ix":5},"nm":"Transformieren"}],"nm":"Gruppe 1","np":2,"cix":2,"ix":1,"mn":"ADBE Vector Group"}],"ip":0,"op":150,"st":0,"bm":0},{"ddd":0,"ind":3,"ty":4,"nm":"body Konturen","sr":1,"ks":{"o":{"a":0,"k":100},"r":{"a":1,"k":[{"i":{"x":[0.833],"y":[0.833]},"o":{"x":[0.167],"y":[0.167]},"n":["0p833_0p833_0p167_0p167"],"t":0,"s":[0],"e":[-13]},{"i":{"x":[0.833],"y":[0.833]},"o":{"x":[0.167],"y":[0.167]},"n":["0p833_0p833_0p167_0p167"],"t":5.432,"s":[-13],"e":[17.85]},{"i":{"x":[0.833],"y":[0.833]},"o":{"x":[0.167],"y":[0.167]},"n":["0p833_0p833_0p167_0p167"],"t":11.111,"s":[17.85],"e":[0]},{"t":16.2958984375}]},"p":{"a":1,"k":[{"i":{"x":0.667,"y":1},"o":{"x":0.333,"y":0},"n":"0p667_1_0p333_0","t":0,"s":[162.125,247.599,0],"e":[162.125,145.599,0],"to":[0,0,0],"ti":[0,0,0]},{"i":{"x":0.667,"y":1},"o":{"x":0.333,"y":0},"n":"0p667_1_0p333_0","t":8.148,"s":[162.125,145.599,0],"e":[162.125,236.099,0],"to":[0,0,0],"ti":[0,0,0]},{"t":16.2958984375}]},"a":{"a":0,"k":[162.125,225.099,0]},"s":{"a":0,"k":[100,100,100]}},"ao":0,"shapes":[{"ty":"gr","it":[{"ind":0,"ty":"sh","ix":1,"ks":{"a":1,"k":[{"i":{"x":0.833,"y":0.833},"o":{"x":0.167,"y":0.167},"n":"0p833_0p833_0p167_0p167","t":0,"s":[{"i":[[0,0],[0,0],[0,0],[-3.228,0],[0,0],[-2.75,0.062]],"o":[[0,0],[0,0],[4.75,-0.188],[0,0],[3.228,0],[0,0]],"v":[[56.25,46.5],[-54.75,46.5],[-55,46.688],[-49.658,46.5],[49.658,46.5],[56,46.688]],"c":true}],"e":[{"i":[[0,0],[0,0],[0,0],[-3.228,0],[0,0],[0,3.21]],"o":[[0,0],[0,0],[0,3.21],[0,0],[3.228,0],[0,0]],"v":[[55.5,-46.5],[-55.5,-46.5],[-55.5,40.688],[-49.658,46.5],[49.658,46.5],[55.5,40.688]],"c":true}]},{"t":3.7041015625}]},"nm":"Pfad 1","mn":"ADBE Vector Shape - Group"},{"ty":"fl","c":{"a":0,"k":[0.4235294117647059,0.8274509803921568,0.5294117647058824,1]},"o":{"a":0,"k":100},"r":1,"nm":"Fläche 1","mn":"ADBE Vector Graphic - Fill"},{"ty":"tr","p":{"a":0,"k":[161.5,178.5],"ix":2},"a":{"a":0,"k":[0,0],"ix":1},"s":{"a":0,"k":[100,100],"ix":3},"r":{"a":0,"k":0,"ix":6},"o":{"a":0,"k":100,"ix":7},"sk":{"a":0,"k":0,"ix":4},"sa":{"a":0,"k":0,"ix":5},"nm":"Transformieren"}],"nm":"Gruppe 1","np":2,"cix":2,"ix":1,"mn":"ADBE Vector Group"}],"ip":0,"op":150,"st":0,"bm":0},{"ddd":0,"ind":4,"ty":4,"nm":"top Konturen","sr":1,"ks":{"o":{"a":1,"k":[{"i":{"x":[0.833],"y":[0.833]},"o":{"x":[0.167],"y":[0.167]},"n":["0p833_0p833_0p167_0p167"],"t":3.704,"s":[0],"e":[100]},{"t":4.4443359375}]},"r":{"a":1,"k":[{"i":{"x":[0.833],"y":[0.833]},"o":{"x":[0.167],"y":[0.167]},"n":["0p833_0p833_0p167_0p167"],"t":8.148,"s":[10],"e":[-23]},{"i":{"x":[0.833],"y":[0.833]},"o":{"x":[0.167],"y":[0.167]},"n":["0p833_0p833_0p167_0p167"],"t":14.074,"s":[-23],"e":[0]},{"t":20}]},"p":{"a":1,"k":[{"i":{"x":0.937,"y":0.946},"o":{"x":0.167,"y":0.167},"n":"0p937_0p946_0p167_0p167","t":0,"s":[160,177.5,0],"e":[150,34.5,0],"to":[0,0,0],"ti":[0,0,0]},{"i":{"x":0.097,"y":0},"o":{"x":0.084,"y":0.101},"n":"0p097_0_0p084_0p101","t":10.37,"s":[150,34.5,0],"e":[161,128.5,0],"to":[0,0,0],"ti":[0,0,0]},{"t":20}]},"a":{"a":0,"k":[161,128.5,0]},"s":{"a":1,"k":[{"i":{"x":[0.667,0.667,0.667],"y":[1,1,1]},"o":{"x":[0.333,0.333,0.333],"y":[0,0,0]},"n":["0p667_1_0p333_0","0p667_1_0p333_0","0p667_1_0p333_0"],"t":0,"s":[0,0,100],"e":[58.621,58.621,100]},{"i":{"x":[0.667,0.667,0.667],"y":[1,1,1]},"o":{"x":[0.333,0.333,0.333],"y":[0,0,0]},"n":["0p667_1_0p333_0","0p667_1_0p333_0","0p667_1_0p333_0"],"t":10.37,"s":[58.621,58.621,100],"e":[100,100,100]},{"t":20}]}},"ao":0,"shapes":[{"ty":"gr","it":[{"ind":0,"ty":"sh","ix":1,"ks":{"a":0,"k":{"i":[[3.219,0],[0,0],[0,-3.204],[0,0],[-3.219,0],[0,0],[0,3.204],[0,0]],"o":[[0,0],[-3.219,0],[0,0],[0,3.204],[0,0],[3.219,0],[0,0],[0,-3.204]],"v":[[61.174,-14.5],[-61.174,-14.5],[-67,-8.7],[-67,8.7],[-61.174,14.5],[61.174,14.5],[67,8.7],[67,-8.7]],"c":true}},"nm":"Pfad 1","mn":"ADBE Vector Shape - Group"},{"ty":"fl","c":{"a":0,"k":[0.4235294117647059,0.8274509803921568,0.5294117647058824,1]},"o":{"a":0,"k":100},"r":1,"nm":"Fläche 1","mn":"ADBE Vector Graphic - Fill"},{"ty":"tr","p":{"a":0,"k":[161,128.5],"ix":2},"a":{"a":0,"k":[0,0],"ix":1},"s":{"a":0,"k":[100,100],"ix":3},"r":{"a":0,"k":0,"ix":6},"o":{"a":0,"k":100,"ix":7},"sk":{"a":0,"k":0,"ix":4},"sa":{"a":0,"k":0,"ix":5},"nm":"Transformieren"}],"nm":"Gruppe 1","np":2,"cix":2,"ix":1,"mn":"ADBE Vector Group"}],"ip":0,"op":150,"st":0,"bm":0},{"ddd":0,"ind":5,"ty":4,"nm":"schleife/new Konturen","parent":4,"sr":1,"ks":{"o":{"a":0,"k":100},"r":{"a":0,"k":0},"p":{"a":0,"k":[161,115,0]},"a":{"a":0,"k":[161,115,0]},"s":{"a":1,"k":[{"i":{"x":[0.029,0.029,0.833],"y":[1.656,1.656,-15.667]},"o":{"x":[0.167,0.167,0.167],"y":[0.167,0.167,16.667]},"n":["0p029_1p656_0p167_0p167","0p029_1p656_0p167_0p167","0p833_-15p667_0p167_16p667"],"t":23,"s":[0,0,100],"e":[100,100,100]},{"t":34}]}},"ao":0,"shapes":[{"ty":"gr","it":[{"ind":0,"ty":"sh","ix":1,"ks":{"a":0,"k":{"i":[[8.059,0],[1.667,-0.428],[-0.598,-1.849],[-1.278,0],[0,-4.797],[4.835,0],[0,0],[-8.693,2.139],[0.541,1.87],[3.006,-6.366],[4.932,3.716],[1.157,-1.595],[-1.586,-3.998],[0,0],[0,4.796],[-4.834,0],[-2.606,-1.934],[-1.272,1.478],[5.256,0],[0,-7.995],[-8.058,0],[0,0],[0,0],[0,7.995]],"o":[[-1.91,0],[0.541,1.87],[1.145,-0.282],[4.835,0],[0,4.796],[0,0],[2.097,-5.318],[-0.598,-1.849],[-9.385,2.413],[-2.071,-4.386],[-1.272,1.478],[5.152,3.823],[0,0],[-4.834,0],[0,-4.797],[3.679,0],[1.157,-1.595],[-3.498,-2.637],[-8.058,0],[0,7.995],[0,0],[0,0],[8.059,0],[0,-7.995]],"v":[[23.385,-14.5],[18.024,-13.831],[19.756,-8.259],[23.385,-8.7],[32.155,0],[23.385,8.7],[4.075,8.7],[19.756,-8.259],[18.024,-13.831],[0,3.422],[-10.322,-10.065],[-13.987,-5.478],[-4.083,8.7],[-23.385,8.7],[-32.154,0],[-23.385,-8.7],[-13.987,-5.478],[-10.322,-10.065],[-23.385,-14.5],[-38,0],[-23.385,14.5],[0,14.5],[23.385,14.5],[38,0]],"c":true}},"nm":"Pfad 1","mn":"ADBE Vector Shape - Group"},{"ty":"fl","c":{"a":0,"k":[0,0,0,1]},"o":{"a":0,"k":100},"r":1,"nm":"Fläche 1","mn":"ADBE Vector Graphic - Fill"},{"ty":"tr","p":{"a":0,"k":[161,100.5],"ix":2},"a":{"a":0,"k":[0,0],"ix":1},"s":{"a":0,"k":[100,100],"ix":3},"r":{"a":0,"k":0,"ix":6},"o":{"a":0,"k":100,"ix":7},"sk":{"a":0,"k":0,"ix":4},"sa":{"a":0,"k":0,"ix":5},"nm":"Transformieren"}],"nm":"Gruppe 1","np":2,"cix":2,"ix":1,"mn":"ADBE Vector Group"}],"ip":0,"op":150,"st":0,"bm":0},{"ddd":0,"ind":6,"ty":4,"nm":"shadow Konturen","sr":1,"ks":{"o":{"a":0,"k":100},"r":{"a":0,"k":0},"p":{"a":0,"k":[162,236,0]},"a":{"a":0,"k":[162,225,0]},"s":{"a":1,"k":[{"i":{"x":[0.115,0.115,0.833],"y":[1,1,-5.19]},"o":{"x":[0.167,0.167,0.167],"y":[0.167,0.167,16.667]},"n":["0p115_1_0p167_0p167","0p115_1_0p167_0p167","0p833_-5p19_0p167_16p667"],"t":0,"s":[0,0,100],"e":[100,100,100]},{"t":13}]}},"ao":0,"shapes":[{"ty":"gr","it":[{"ind":0,"ty":"sh","ix":1,"ks":{"a":0,"k":{"i":[[-53.02,0],[0,-3.313],[53.02,0],[0,3.313]],"o":[[53.02,0],[0,3.313],[-53.02,0],[0,-3.313]],"v":[[0,-6],[96,0],[0,6],[-96,0]],"c":true}},"nm":"Pfad 1","mn":"ADBE Vector Shape - Group"},{"ty":"fl","c":{"a":0,"k":[0.945,0.945,0.945,1]},"o":{"a":0,"k":100},"r":1,"nm":"Fläche 1","mn":"ADBE Vector Graphic - Fill"},{"ty":"tr","p":{"a":0,"k":[162,225],"ix":2},"a":{"a":0,"k":[0,0],"ix":1},"s":{"a":0,"k":[100,100],"ix":3},"r":{"a":0,"k":0,"ix":6},"o":{"a":0,"k":100,"ix":7},"sk":{"a":0,"k":0,"ix":4},"sa":{"a":0,"k":0,"ix":5},"nm":"Transformieren"}],"nm":"Gruppe 1","np":2,"cix":2,"ix":1,"mn":"ADBE Vector Group"}],"ip":0,"op":150,"st":0,"bm":0},{"ddd":0,"ind":7,"ty":4,"nm":"Ebene 12 Konturen","sr":1,"ks":{"o":{"a":0,"k":100},"r":{"a":1,"k":[{"i":{"x":[0.833],"y":[0.833]},"o":{"x":[0.167],"y":[0.167]},"n":["0p833_0p833_0p167_0p167"],"t":9,"s":[262],"e":[0]},{"t":29}]},"p":{"a":1,"k":[{"i":{"x":0,"y":0.359},"o":{"x":0.167,"y":0.167},"n":"0_0p359_0p167_0p167","t":9,"s":[157.5,140,0],"e":[95.449,44.997,0],"to":[0,0,0],"ti":[0,0,0]},{"t":29}]},"a":{"a":0,"k":[95.449,44.997,0]},"s":{"a":1,"k":[{"i":{"x":[0.042,0.042,0.833],"y":[1.006,1.006,-26.778]},"o":{"x":[0.167,0.167,0.167],"y":[0.167,0.167,16.667]},"n":["0p042_1p006_0p167_0p167","0p042_1p006_0p167_0p167","0p833_-26p778_0p167_16p667"],"t":9,"s":[0,0,100],"e":[100,100,100]},{"t":29}]}},"ao":0,"shapes":[{"ty":"gr","it":[{"ind":0,"ty":"sh","ix":1,"ks":{"a":0,"k":{"i":[[0,0],[0,0],[0,0],[0,0],[0,0],[0,0]],"o":[[0,0],[0,0],[0,0],[0,0],[0,0],[0,0]],"v":[[-2.18,-3.777],[2.178,-3.775],[4.359,0.001],[2.181,3.777],[-2.18,3.775],[-4.359,-0.001]],"c":true}},"nm":"Pfad 1","mn":"ADBE Vector Shape - Group"},{"ty":"st","c":{"a":0,"k":[0,0,0,1]},"o":{"a":0,"k":100},"w":{"a":0,"k":1},"lc":1,"lj":1,"ml":4,"nm":"Kontur 1","mn":"ADBE Vector Graphic - Stroke"},{"ty":"tr","p":{"a":0,"k":[95.449,44.997],"ix":2},"a":{"a":0,"k":[0,0],"ix":1},"s":{"a":0,"k":[100,100],"ix":3},"r":{"a":0,"k":0,"ix":6},"o":{"a":0,"k":100,"ix":7},"sk":{"a":0,"k":0,"ix":4},"sa":{"a":0,"k":0,"ix":5},"nm":"Transformieren"}],"nm":"Gruppe 1","np":2,"cix":2,"ix":1,"mn":"ADBE Vector Group"}],"ip":0,"op":150,"st":0,"bm":0},{"ddd":0,"ind":8,"ty":4,"nm":"Ebene 13 Konturen","sr":1,"ks":{"o":{"a":0,"k":100},"r":{"a":1,"k":[{"i":{"x":[0.833],"y":[0.833]},"o":{"x":[0.167],"y":[0.167]},"n":["0p833_0p833_0p167_0p167"],"t":3,"s":[-63],"e":[0]},{"t":23}]},"p":{"a":1,"k":[{"i":{"x":0,"y":0.564},"o":{"x":0.167,"y":0.167},"n":"0_0p564_0p167_0p167","t":3,"s":[157.5,140,0],"e":[248.067,112.75,0],"to":[0,0,0],"ti":[0,0,0]},{"t":23}]},"a":{"a":0,"k":[248.067,112.75,0]},"s":{"a":1,"k":[{"i":{"x":[0.042,0.042,0.833],"y":[1.006,1.006,-26.778]},"o":{"x":[0.167,0.167,0.167],"y":[0.167,0.167,16.667]},"n":["0p042_1p006_0p167_0p167","0p042_1p006_0p167_0p167","0p833_-26p778_0p167_16p667"],"t":3,"s":[0,0,100],"e":[100,100,100]},{"t":23}]}},"ao":0,"shapes":[{"ty":"gr","it":[{"ind":0,"ty":"sh","ix":1,"ks":{"a":0,"k":{"i":[[0,0],[0,0],[0,0],[0,0],[0,0],[0,0]],"o":[[0,0],[0,0],[0,0],[0,0],[0,0],[0,0]],"v":[[-1.53,-6.63],[4.974,-4.639],[6.505,1.99],[1.532,6.63],[-4.972,4.64],[-6.505,-1.989]],"c":true}},"nm":"Pfad 1","mn":"ADBE Vector Shape - Group"},{"ty":"st","c":{"a":0,"k":[0,0,0,1]},"o":{"a":0,"k":100},"w":{"a":0,"k":1},"lc":1,"lj":1,"ml":4,"nm":"Kontur 1","mn":"ADBE Vector Graphic - Stroke"},{"ty":"tr","p":{"a":0,"k":[248.067,112.75],"ix":2},"a":{"a":0,"k":[0,0],"ix":1},"s":{"a":0,"k":[100,100],"ix":3},"r":{"a":0,"k":0,"ix":6},"o":{"a":0,"k":100,"ix":7},"sk":{"a":0,"k":0,"ix":4},"sa":{"a":0,"k":0,"ix":5},"nm":"Transformieren"}],"nm":"Gruppe 1","np":2,"cix":2,"ix":1,"mn":"ADBE Vector Group"}],"ip":0,"op":150,"st":0,"bm":0},{"ddd":0,"ind":9,"ty":4,"nm":"Ebene 14 Konturen","sr":1,"ks":{"o":{"a":0,"k":100},"r":{"a":1,"k":[{"i":{"x":[0.833],"y":[0.833]},"o":{"x":[0.167],"y":[0.167]},"n":["0p833_0p833_0p167_0p167"],"t":0,"s":[-200],"e":[0]},{"t":20}]},"p":{"a":1,"k":[{"i":{"x":0,"y":0.477},"o":{"x":0.167,"y":0.167},"n":"0_0p477_0p167_0p167","t":0,"s":[157.5,140,0],"e":[268.728,57.196,0],"to":[0,0,0],"ti":[0,0,0]},{"t":20}]},"a":{"a":0,"k":[120.728,247.196,0]},"s":{"a":1,"k":[{"i":{"x":[0.042,0.042,0.833],"y":[1.006,1.006,-26.778]},"o":{"x":[0.167,0.167,0.167],"y":[0.167,0.167,16.667]},"n":["0p042_1p006_0p167_0p167","0p042_1p006_0p167_0p167","0p833_-26p778_0p167_16p667"],"t":0,"s":[0,0,100],"e":[100,100,100]},{"t":20}]}},"ao":0,"shapes":[{"ty":"gr","it":[{"ind":0,"ty":"sh","ix":1,"ks":{"a":0,"k":{"i":[[0,0],[0,0],[0,0]],"o":[[0,0],[0,0],[0,0]],"v":[[-2.376,-3.394],[2.799,1.018],[-2.799,3.394]],"c":true}},"nm":"Pfad 1","mn":"ADBE Vector Shape - Group"},{"ty":"st","c":{"a":0,"k":[0.4235294117647059,0.8274509803921568,0.5294117647058824,1]},"o":{"a":0,"k":100},"w":{"a":0,"k":1},"lc":1,"lj":1,"ml":4,"nm":"Kontur 1","mn":"ADBE Vector Graphic - Stroke"},{"ty":"tr","p":{"a":0,"k":[120.728,247.196],"ix":2},"a":{"a":0,"k":[0,0],"ix":1},"s":{"a":0,"k":[100,100],"ix":3},"r":{"a":0,"k":0,"ix":6},"o":{"a":0,"k":100,"ix":7},"sk":{"a":0,"k":0,"ix":4},"sa":{"a":0,"k":0,"ix":5},"nm":"Transformieren"}],"nm":"Gruppe 1","np":2,"cix":2,"ix":1,"mn":"ADBE Vector Group"}],"ip":0,"op":150,"st":0,"bm":0},{"ddd":0,"ind":10,"ty":4,"nm":"Ebene 15 Konturen","sr":1,"ks":{"o":{"a":0,"k":100},"r":{"a":1,"k":[{"i":{"x":[0.833],"y":[0.833]},"o":{"x":[0.167],"y":[0.167]},"n":["0p833_0p833_0p167_0p167"],"t":8,"s":[134],"e":[0]},{"t":28}]},"p":{"a":1,"k":[{"i":{"x":0,"y":0.547},"o":{"x":0.167,"y":0.167},"n":"0_0p547_0p167_0p167","t":8,"s":[157.5,140,0],"e":[61.63,139.445,0],"to":[0,0,0],"ti":[0,0,0]},{"t":28}]},"a":{"a":0,"k":[61.63,139.445,0]},"s":{"a":1,"k":[{"i":{"x":[0.042,0.042,0.833],"y":[1.006,1.006,-26.778]},"o":{"x":[0.167,0.167,0.167],"y":[0.167,0.167,16.667]},"n":["0p042_1p006_0p167_0p167","0p042_1p006_0p167_0p167","0p833_-26p778_0p167_16p667"],"t":8,"s":[0,0,100],"e":[100,100,100]},{"t":28}]}},"ao":0,"shapes":[{"ty":"gr","it":[{"ind":0,"ty":"sh","ix":1,"ks":{"a":0,"k":{"i":[[0,0],[0,0],[0,0]],"o":[[0,0],[0,0],[0,0]],"v":[[4.37,-5.433],[4.286,5.433],[-4.37,1.022]],"c":true}},"nm":"Pfad 1","mn":"ADBE Vector Shape - Group"},{"ty":"st","c":{"a":0,"k":[0.4235294117647059,0.8274509803921568,0.5294117647058824,1]},"o":{"a":0,"k":100},"w":{"a":0,"k":1},"lc":1,"lj":1,"ml":4,"nm":"Kontur 1","mn":"ADBE Vector Graphic - Stroke"},{"ty":"tr","p":{"a":0,"k":[61.63,139.445],"ix":2},"a":{"a":0,"k":[0,0],"ix":1},"s":{"a":0,"k":[100,100],"ix":3},"r":{"a":0,"k":0,"ix":6},"o":{"a":0,"k":100,"ix":7},"sk":{"a":0,"k":0,"ix":4},"sa":{"a":0,"k":0,"ix":5},"nm":"Transformieren"}],"nm":"Gruppe 1","np":2,"cix":2,"ix":1,"mn":"ADBE Vector Group"}],"ip":0,"op":150,"st":0,"bm":0},{"ddd":0,"ind":11,"ty":4,"nm":"Ebene 16 Konturen","sr":1,"ks":{"o":{"a":0,"k":100},"r":{"a":1,"k":[{"i":{"x":[0.833],"y":[0.833]},"o":{"x":[0.167],"y":[0.167]},"n":["0p833_0p833_0p167_0p167"],"t":5,"s":[74],"e":[0]},{"t":25}]},"p":{"a":1,"k":[{"i":{"x":0,"y":0.387},"o":{"x":0.167,"y":0.167},"n":"0_0p387_0p167_0p167","t":5,"s":[157.5,140,0],"e":[183.561,32.661,0],"to":[0,0,0],"ti":[0,0,0]},{"t":25}]},"a":{"a":0,"k":[183.561,32.661,0]},"s":{"a":1,"k":[{"i":{"x":[0.042,0.042,0.833],"y":[1.006,1.006,-26.778]},"o":{"x":[0.167,0.167,0.167],"y":[0.167,0.167,16.667]},"n":["0p042_1p006_0p167_0p167","0p042_1p006_0p167_0p167","0p833_-26p778_0p167_16p667"],"t":5,"s":[0,0,100],"e":[100,100,100]},{"t":25}]}},"ao":0,"shapes":[{"ty":"gr","it":[{"ind":0,"ty":"sh","ix":1,"ks":{"a":0,"k":{"i":[[-2.146,0],[0,-2.147],[2.146,0],[0,2.147]],"o":[[2.146,0],[0,2.147],[-2.146,0],[0,-2.147]],"v":[[-0.001,-3.888],[3.886,0],[-0.001,3.888],[-3.887,0]],"c":true}},"nm":"Pfad 1","mn":"ADBE Vector Shape - Group"},{"ty":"st","c":{"a":0,"k":[0,0,0,1]},"o":{"a":0,"k":100},"w":{"a":0,"k":1},"lc":1,"lj":1,"ml":4,"nm":"Kontur 1","mn":"ADBE Vector Graphic - Stroke"},{"ty":"tr","p":{"a":0,"k":[183.561,32.661],"ix":2},"a":{"a":0,"k":[0,0],"ix":1},"s":{"a":0,"k":[100,100],"ix":3},"r":{"a":0,"k":0,"ix":6},"o":{"a":0,"k":100,"ix":7},"sk":{"a":0,"k":0,"ix":4},"sa":{"a":0,"k":0,"ix":5},"nm":"Transformieren"}],"nm":"Gruppe 1","np":2,"cix":2,"ix":1,"mn":"ADBE Vector Group"}],"ip":0,"op":150,"st":0,"bm":0},{"ddd":0,"ind":12,"ty":4,"nm":"Ebene 17 Konturen","sr":1,"ks":{"o":{"a":0,"k":100},"r":{"a":1,"k":[{"i":{"x":[0.833],"y":[0.833]},"o":{"x":[0.167],"y":[0.167]},"n":["0p833_0p833_0p167_0p167"],"t":12,"s":[29],"e":[0]},{"t":32}]},"p":{"a":1,"k":[{"i":{"x":0,"y":0.463},"o":{"x":0.167,"y":0.167},"n":"0_0p463_0p167_0p167","t":12,"s":[157.5,140,0],"e":[44.65,36.558,0],"to":[0,0,0],"ti":[0,0,0]},{"t":32}]},"a":{"a":0,"k":[214.65,244.558,0]},"s":{"a":1,"k":[{"i":{"x":[0.042,0.042,0.833],"y":[1.006,1.006,-26.778]},"o":{"x":[0.167,0.167,0.167],"y":[0.167,0.167,16.667]},"n":["0p042_1p006_0p167_0p167","0p042_1p006_0p167_0p167","0p833_-26p778_0p167_16p667"],"t":12,"s":[0,0,100],"e":[100,100,100]},{"t":32}]}},"ao":0,"shapes":[{"ty":"gr","it":[{"ind":0,"ty":"sh","ix":1,"ks":{"a":0,"k":{"i":[[-3.22,0],[0,-3.222],[3.22,0],[0,3.221]],"o":[[3.22,0],[0,3.221],[-3.22,0],[0,-3.222]],"v":[[0,-5.832],[5.829,0],[0,5.832],[-5.829,0]],"c":true}},"nm":"Pfad 1","mn":"ADBE Vector Shape - Group"},{"ty":"st","c":{"a":0,"k":[0,0,0,1]},"o":{"a":0,"k":100},"w":{"a":0,"k":1},"lc":1,"lj":1,"ml":4,"nm":"Kontur 1","mn":"ADBE Vector Graphic - Stroke"},{"ty":"tr","p":{"a":0,"k":[214.65,244.558],"ix":2},"a":{"a":0,"k":[0,0],"ix":1},"s":{"a":0,"k":[100,100],"ix":3},"r":{"a":0,"k":0,"ix":6},"o":{"a":0,"k":100,"ix":7},"sk":{"a":0,"k":0,"ix":4},"sa":{"a":0,"k":0,"ix":5},"nm":"Transformieren"}],"nm":"Gruppe 1","np":2,"cix":2,"ix":1,"mn":"ADBE Vector Group"}],"ip":0,"op":150,"st":0,"bm":0},{"ddd":0,"ind":13,"ty":4,"nm":"Ebene 18 Konturen","sr":1,"ks":{"o":{"a":0,"k":100},"r":{"a":1,"k":[{"i":{"x":[0.833],"y":[0.833]},"o":{"x":[0.167],"y":[0.167]},"n":["0p833_0p833_0p167_0p167"],"t":3,"s":[168],"e":[0]},{"t":23}]},"p":{"a":1,"k":[{"i":{"x":0,"y":0.243},"o":{"x":0.167,"y":0.167},"n":"0_0p243_0p167_0p167","t":3,"s":[157.5,140,0],"e":[294.925,112.226,0],"to":[0,0,0],"ti":[0,0,0]},{"t":23}]},"a":{"a":0,"k":[62.925,234.226,0]},"s":{"a":1,"k":[{"i":{"x":[0.042,0.042,0.833],"y":[1.006,1.006,-26.778]},"o":{"x":[0.167,0.167,0.167],"y":[0.167,0.167,16.667]},"n":["0p042_1p006_0p167_0p167","0p042_1p006_0p167_0p167","0p833_-26p778_0p167_16p667"],"t":3,"s":[0,0,100],"e":[100,100,100]},{"t":23}]}},"ao":0,"shapes":[{"ty":"gr","it":[{"ind":0,"ty":"sh","ix":1,"ks":{"a":0,"k":{"i":[[0.209,0.131],[0,0],[0,0],[0.174,-0.142],[0,0],[0,0],[-0.093,-0.228],[0,0],[0,0],[-0.247,0.014],[0,0],[0,0],[-0.059,0.236],[0,0],[0,0]],"o":[[0,0],[0,0],[-0.012,-0.223],[0,0],[0,0],[-0.238,-0.069],[0,0],[0,0],[-0.135,0.201],[0,0],[0,0],[0.155,0.19],[0,0],[0,0],[0.232,-0.083]],"v":[[2.206,-0.077],[1.1,-0.771],[1.036,-2.051],[0.544,-2.269],[-0.45,-1.461],[-1.706,-1.819],[-2.062,-1.431],[-1.568,-0.237],[-2.281,0.82],[-2.008,1.278],[-0.711,1.208],[0.105,2.221],[0.628,2.116],[0.938,0.878],[2.156,0.446]],"c":true}},"nm":"Pfad 1","mn":"ADBE Vector Shape - Group"},{"ty":"fl","c":{"a":0,"k":[0.4235294117647059,0.8274509803921568,0.5294117647058824,1]},"o":{"a":0,"k":100},"r":1,"nm":"Fläche 1","mn":"ADBE Vector Graphic - Fill"},{"ty":"tr","p":{"a":0,"k":[62.916,234.223],"ix":2},"a":{"a":0,"k":[0,0],"ix":1},"s":{"a":0,"k":[100,100],"ix":3},"r":{"a":0,"k":0,"ix":6},"o":{"a":0,"k":100,"ix":7},"sk":{"a":0,"k":0,"ix":4},"sa":{"a":0,"k":0,"ix":5},"nm":"Transformieren"}],"nm":"Gruppe 1","np":2,"cix":2,"ix":1,"mn":"ADBE Vector Group"}],"ip":0,"op":150,"st":0,"bm":0},{"ddd":0,"ind":14,"ty":4,"nm":"Ebene 19 Konturen","sr":1,"ks":{"o":{"a":0,"k":100},"r":{"a":1,"k":[{"i":{"x":[0.833],"y":[0.833]},"o":{"x":[0.167],"y":[0.167]},"n":["0p833_0p833_0p167_0p167"],"t":8,"s":[-209],"e":[0]},{"t":28}]},"p":{"a":1,"k":[{"i":{"x":0,"y":0.25},"o":{"x":0.167,"y":0.167},"n":"0_0p25_0p167_0p167","t":8,"s":[157.5,140,0],"e":[35.721,103.978,0],"to":[0,0,0],"ti":[0,0,0]},{"t":28}]},"a":{"a":0,"k":[35.721,103.978,0]},"s":{"a":1,"k":[{"i":{"x":[0.042,0.042,0.833],"y":[1.006,1.006,-26.778]},"o":{"x":[0.167,0.167,0.167],"y":[0.167,0.167,16.667]},"n":["0p042_1p006_0p167_0p167","0p042_1p006_0p167_0p167","0p833_-26p778_0p167_16p667"],"t":8,"s":[0,0,100],"e":[100,100,100]},{"t":28}]}},"ao":0,"shapes":[{"ty":"gr","it":[{"ind":0,"ty":"sh","ix":1,"ks":{"a":0,"k":{"i":[[0.209,0.131],[0,0],[0,0],[0.174,-0.141],[0,0],[0,0],[-0.094,-0.227],[0,0],[0,0],[-0.247,0.014],[0,0],[0,0],[-0.059,0.237],[0,0],[0,0]],"o":[[0,0],[0,0],[-0.012,-0.224],[0,0],[0,0],[-0.238,-0.068],[0,0],[0,0],[-0.135,0.2],[0,0],[0,0],[0.155,0.191],[0,0],[0,0],[0.231,-0.083]],"v":[[2.206,-0.078],[1.1,-0.771],[1.036,-2.051],[0.544,-2.27],[-0.45,-1.461],[-1.706,-1.82],[-2.062,-1.432],[-1.568,-0.238],[-2.281,0.82],[-2.008,1.278],[-0.711,1.207],[0.105,2.22],[0.628,2.115],[0.938,0.878],[2.156,0.446]],"c":true}},"nm":"Pfad 1","mn":"ADBE Vector Shape - Group"},{"ty":"fl","c":{"a":0,"k":[0.4235294117647059,0.8274509803921568,0.5294117647058824,1]},"o":{"a":0,"k":100},"r":1,"nm":"Fläche 1","mn":"ADBE Vector Graphic - Fill"},{"ty":"tr","p":{"a":0,"k":[35.712,103.975],"ix":2},"a":{"a":0,"k":[0,0],"ix":1},"s":{"a":0,"k":[100,100],"ix":3},"r":{"a":0,"k":0,"ix":6},"o":{"a":0,"k":100,"ix":7},"sk":{"a":0,"k":0,"ix":4},"sa":{"a":0,"k":0,"ix":5},"nm":"Transformieren"}],"nm":"Gruppe 1","np":2,"cix":2,"ix":1,"mn":"ADBE Vector Group"}],"ip":0,"op":150,"st":0,"bm":0},{"ddd":0,"ind":15,"ty":4,"nm":"Ebene 20 Konturen","sr":1,"ks":{"o":{"a":0,"k":100},"r":{"a":1,"k":[{"i":{"x":[0.833],"y":[0.833]},"o":{"x":[0.167],"y":[0.167]},"n":["0p833_0p833_0p167_0p167"],"t":7,"s":[275],"e":[0]},{"t":27}]},"p":{"a":1,"k":[{"i":{"x":0,"y":0.09},"o":{"x":0.167,"y":0.167},"n":"0_0p09_0p167_0p167","t":7,"s":[157.5,140,0],"e":[261.12,26.218,0],"to":[0,0,0],"ti":[0,0,0]},{"t":27}]},"a":{"a":0,"k":[261.12,26.218,0]},"s":{"a":1,"k":[{"i":{"x":[0.042,0.042,0.833],"y":[1.006,1.006,-26.778]},"o":{"x":[0.167,0.167,0.167],"y":[0.167,0.167,16.667]},"n":["0p042_1p006_0p167_0p167","0p042_1p006_0p167_0p167","0p833_-26p778_0p167_16p667"],"t":7,"s":[0,0,100],"e":[100,100,100]},{"t":27}]}},"ao":0,"shapes":[{"ty":"gr","it":[{"ind":0,"ty":"sh","ix":1,"ks":{"a":0,"k":{"i":[[0.21,0.131],[0,0],[0,0],[0.174,-0.141],[0,0],[0,0],[-0.093,-0.228],[0,0],[0,0],[-0.247,0.014],[0,0],[0,0],[-0.059,0.236],[0,0],[0,0]],"o":[[0,0],[0,0],[-0.011,-0.223],[0,0],[0,0],[-0.238,-0.068],[0,0],[0,0],[-0.135,0.2],[0,0],[0,0],[0.155,0.19],[0,0],[0,0],[0.232,-0.082]],"v":[[2.206,-0.078],[1.099,-0.771],[1.034,-2.052],[0.543,-2.27],[-0.45,-1.461],[-1.707,-1.82],[-2.062,-1.432],[-1.568,-0.238],[-2.281,0.82],[-2.009,1.278],[-0.711,1.207],[0.105,2.22],[0.628,2.115],[0.937,0.878],[2.155,0.445]],"c":true}},"nm":"Pfad 1","mn":"ADBE Vector Shape - Group"},{"ty":"fl","c":{"a":0,"k":[0.4235294117647059,0.8274509803921568,0.5294117647058824,1]},"o":{"a":0,"k":100},"r":1,"nm":"Fläche 1","mn":"ADBE Vector Graphic - Fill"},{"ty":"tr","p":{"a":0,"k":[261.111,26.215],"ix":2},"a":{"a":0,"k":[0,0],"ix":1},"s":{"a":0,"k":[100,100],"ix":3},"r":{"a":0,"k":0,"ix":6},"o":{"a":0,"k":100,"ix":7},"sk":{"a":0,"k":0,"ix":4},"sa":{"a":0,"k":0,"ix":5},"nm":"Transformieren"}],"nm":"Gruppe 1","np":2,"cix":2,"ix":1,"mn":"ADBE Vector Group"}],"ip":0,"op":150,"st":0,"bm":0},{"ddd":0,"ind":16,"ty":4,"nm":"Ebene 21 Konturen","sr":1,"ks":{"o":{"a":0,"k":100},"r":{"a":1,"k":[{"i":{"x":[0.833],"y":[0.833]},"o":{"x":[0.167],"y":[0.167]},"n":["0p833_0p833_0p167_0p167"],"t":3,"s":[132.9],"e":[0]},{"t":23}]},"p":{"a":1,"k":[{"i":{"x":0,"y":0.326},"o":{"x":0.167,"y":0.167},"n":"0_0p326_0p167_0p167","t":3,"s":[157.5,140,0],"e":[268.337,196.938,0],"to":[0,0,0],"ti":[0,0,0]},{"t":23}]},"a":{"a":0,"k":[252.337,213.938,0]},"s":{"a":1,"k":[{"i":{"x":[0.042,0.042,0.833],"y":[1.006,1.006,-26.778]},"o":{"x":[0.167,0.167,0.167],"y":[0.167,0.167,16.667]},"n":["0p042_1p006_0p167_0p167","0p042_1p006_0p167_0p167","0p833_-26p778_0p167_16p667"],"t":3,"s":[0,0,100],"e":[100,100,100]},{"t":23}]}},"ao":0,"shapes":[{"ty":"gr","it":[{"ind":0,"ty":"sh","ix":1,"ks":{"a":0,"k":{"i":[[0.411,0.258],[0,0],[0,0],[0.34,-0.276],[0,0],[0,0],[-0.184,-0.446],[0,0],[0,0],[-0.483,0.027],[0,0],[0,0],[-0.116,0.463],[0,0],[0,0]],"o":[[0,0],[0,0],[-0.022,-0.439],[0,0],[0,0],[-0.466,-0.133],[0,0],[0,0],[-0.265,0.392],[0,0],[0,0],[0.302,0.373],[0,0],[0,0],[0.454,-0.162]],"v":[[4.322,-0.152],[2.152,-1.51],[2.027,-4.017],[1.065,-4.447],[-0.882,-2.861],[-3.344,-3.565],[-4.038,-2.804],[-3.072,-0.465],[-4.468,1.607],[-3.935,2.505],[-1.392,2.366],[0.207,4.35],[1.231,4.145],[1.837,1.72],[4.222,0.874]],"c":true}},"nm":"Pfad 1","mn":"ADBE Vector Shape - Group"},{"ty":"fl","c":{"a":0,"k":[0.4235294117647059,0.8274509803921568,0.5294117647058824,1]},"o":{"a":0,"k":100},"r":1,"nm":"Fläche 1","mn":"ADBE Vector Graphic - Fill"},{"ty":"tr","p":{"a":0,"k":[252.32,213.932],"ix":2},"a":{"a":0,"k":[0,0],"ix":1},"s":{"a":0,"k":[100,100],"ix":3},"r":{"a":0,"k":0,"ix":6},"o":{"a":0,"k":100,"ix":7},"sk":{"a":0,"k":0,"ix":4},"sa":{"a":0,"k":0,"ix":5},"nm":"Transformieren"}],"nm":"Gruppe 1","np":2,"cix":2,"ix":1,"mn":"ADBE Vector Group"}],"ip":0,"op":150,"st":0,"bm":0},{"ddd":0,"ind":17,"ty":4,"nm":"Ebene 22 Konturen","sr":1,"ks":{"o":{"a":0,"k":100},"r":{"a":1,"k":[{"i":{"x":[0.833],"y":[0.833]},"o":{"x":[0.167],"y":[0.167]},"n":["0p833_0p833_0p167_0p167"],"t":13,"s":[-266],"e":[0]},{"t":33}]},"p":{"a":1,"k":[{"i":{"x":0,"y":0.337},"o":{"x":0.167,"y":0.167},"n":"0_0p337_0p167_0p167","t":13,"s":[157.5,140,0],"e":[133.395,26.515,0],"to":[0,0,0],"ti":[0,0,0]},{"t":33}]},"a":{"a":0,"k":[133.395,26.515,0]},"s":{"a":1,"k":[{"i":{"x":[0.042,0.042,0.833],"y":[1.006,1.006,-26.778]},"o":{"x":[0.167,0.167,0.167],"y":[0.167,0.167,16.667]},"n":["0p042_1p006_0p167_0p167","0p042_1p006_0p167_0p167","0p833_-26p778_0p167_16p667"],"t":13,"s":[0,0,100],"e":[100,100,100]},{"t":33}]}},"ao":0,"shapes":[{"ty":"gr","it":[{"ind":0,"ty":"sh","ix":1,"ks":{"a":0,"k":{"i":[[0.411,0.258],[0,0],[0,0],[0.34,-0.277],[0,0],[0,0],[-0.183,-0.446],[0,0],[0,0],[-0.484,0.026],[0,0],[0,0],[-0.116,0.462],[0,0],[0,0]],"o":[[0,0],[0,0],[-0.022,-0.438],[0,0],[0,0],[-0.466,-0.133],[0,0],[0,0],[-0.264,0.392],[0,0],[0,0],[0.302,0.373],[0,0],[0,0],[0.454,-0.162]],"v":[[4.322,-0.152],[2.152,-1.511],[2.027,-4.018],[1.065,-4.446],[-0.882,-2.861],[-3.344,-3.565],[-4.039,-2.804],[-3.072,-0.466],[-4.469,1.607],[-3.935,2.505],[-1.392,2.366],[0.207,4.35],[1.231,4.145],[1.837,1.72],[4.222,0.874]],"c":true}},"nm":"Pfad 1","mn":"ADBE Vector Shape - Group"},{"ty":"fl","c":{"a":0,"k":[0.4235294117647059,0.8274509803921568,0.5294117647058824,1]},"o":{"a":0,"k":100},"r":1,"nm":"Fläche 1","mn":"ADBE Vector Graphic - Fill"},{"ty":"tr","p":{"a":0,"k":[133.378,26.508],"ix":2},"a":{"a":0,"k":[0,0],"ix":1},"s":{"a":0,"k":[100,100],"ix":3},"r":{"a":0,"k":0,"ix":6},"o":{"a":0,"k":100,"ix":7},"sk":{"a":0,"k":0,"ix":4},"sa":{"a":0,"k":0,"ix":5},"nm":"Transformieren"}],"nm":"Gruppe 1","np":2,"cix":2,"ix":1,"mn":"ADBE Vector Group"}],"ip":0,"op":150,"st":0,"bm":0},{"ddd":0,"ind":18,"ty":4,"nm":"Ebene 23 Konturen","sr":1,"ks":{"o":{"a":0,"k":100},"r":{"a":1,"k":[{"i":{"x":[0.833],"y":[0.833]},"o":{"x":[0.167],"y":[0.167]},"n":["0p833_0p833_0p167_0p167"],"t":5,"s":[399],"e":[0]},{"t":25}]},"p":{"a":1,"k":[{"i":{"x":0,"y":0.478},"o":{"x":0.167,"y":0.167},"n":"0_0p478_0p167_0p167","t":5,"s":[157.5,140,0],"e":[257.258,159.497,0],"to":[0,0,0],"ti":[0,0,0]},{"t":25}]},"a":{"a":0,"k":[257.258,159.497,0]},"s":{"a":1,"k":[{"i":{"x":[0.042,0.042,0.833],"y":[1.006,1.006,-26.778]},"o":{"x":[0.167,0.167,0.167],"y":[0.167,0.167,16.667]},"n":["0p042_1p006_0p167_0p167","0p042_1p006_0p167_0p167","0p833_-26p778_0p167_16p667"],"t":5,"s":[0,0,100],"e":[100,100,100]},{"t":25}]}},"ao":0,"shapes":[{"ty":"gr","it":[{"ind":0,"ty":"sh","ix":1,"ks":{"a":0,"k":{"i":[[0.721,-0.604],[0,0],[0,0],[-0.306,-0.794],[0,0],[0,0],[-0.932,0.071],[0,0],[0,0],[-0.241,0.908],[0,0],[0,0],[0.783,0.491],[0,0],[0,0]],"o":[[0,0],[0,0],[-0.821,-0.221],[0,0],[0,0],[-0.524,0.78],[0,0],[0,0],[0.566,0.723],[0,0],[0,0],[0.869,-0.333],[0,0],[0,0],[-0.027,-0.935]],"v":[[2.281,-8.697],[-1.528,-5.509],[-6.23,-6.781],[-7.598,-5.261],[-5.84,-0.719],[-8.615,3.403],[-7.627,5.141],[-2.732,4.758],[0.255,8.578],[2.232,8.133],[3.5,3.356],[8.121,1.595],[8.357,-0.417],[4.245,-2.989],[4.113,-7.897]],"c":true}},"nm":"Pfad 1","mn":"ADBE Vector Shape - Group"},{"ty":"fl","c":{"a":0,"k":[0.4235294117647059,0.8274509803921568,0.5294117647058824,1]},"o":{"a":0,"k":100},"r":1,"nm":"Fläche 1","mn":"ADBE Vector Graphic - Fill"},{"ty":"tr","p":{"a":0,"k":[257.231,159.483],"ix":2},"a":{"a":0,"k":[0,0],"ix":1},"s":{"a":0,"k":[100,100],"ix":3},"r":{"a":0,"k":0,"ix":6},"o":{"a":0,"k":100,"ix":7},"sk":{"a":0,"k":0,"ix":4},"sa":{"a":0,"k":0,"ix":5},"nm":"Transformieren"}],"nm":"Gruppe 1","np":2,"cix":2,"ix":1,"mn":"ADBE Vector Group"}],"ip":0,"op":150,"st":0,"bm":0},{"ddd":0,"ind":19,"ty":4,"nm":"Ebene 24 Konturen","sr":1,"ks":{"o":{"a":0,"k":100},"r":{"a":1,"k":[{"i":{"x":[0.833],"y":[0.833]},"o":{"x":[0.167],"y":[0.167]},"n":["0p833_0p833_0p167_0p167"],"t":11,"s":[-212],"e":[0]},{"t":31}]},"p":{"a":1,"k":[{"i":{"x":0,"y":0.748},"o":{"x":0.167,"y":0.167},"n":"0_0p748_0p167_0p167","t":11,"s":[157.5,140,0],"e":[97.064,84.204,0],"to":[0,0,0],"ti":[0,0,0]},{"t":31}]},"a":{"a":0,"k":[97.064,84.204,0]},"s":{"a":1,"k":[{"i":{"x":[0.042,0.042,0.833],"y":[1.006,1.006,-26.778]},"o":{"x":[0.167,0.167,0.167],"y":[0.167,0.167,16.667]},"n":["0p042_1p006_0p167_0p167","0p042_1p006_0p167_0p167","0p833_-26p778_0p167_16p667"],"t":11,"s":[0,0,100],"e":[100,100,100]},{"t":31}]}},"ao":0,"shapes":[{"ty":"gr","it":[{"ind":0,"ty":"sh","ix":1,"ks":{"a":0,"k":{"i":[[0.675,-0.565],[0,0],[0,0],[-0.287,-0.743],[0,0],[0,0],[-0.872,0.067],[0,0],[0,0],[-0.226,0.849],[0,0],[0,0],[0.734,0.459],[0,0],[0,0]],"o":[[0,0],[0,0],[-0.77,-0.208],[0,0],[0,0],[-0.491,0.73],[0,0],[0,0],[0.53,0.677],[0,0],[0,0],[0.814,-0.312],[0,0],[0,0],[-0.026,-0.875]],"v":[[2.135,-8.142],[-1.43,-5.157],[-5.831,-6.348],[-7.113,-4.926],[-5.467,-0.674],[-8.064,3.186],[-7.141,4.812],[-2.557,4.454],[0.239,8.029],[2.09,7.613],[3.277,3.141],[7.602,1.493],[7.822,-0.391],[3.974,-2.799],[3.851,-7.393]],"c":true}},"nm":"Pfad 1","mn":"ADBE Vector Shape - Group"},{"ty":"fl","c":{"a":0,"k":[0.4235294117647059,0.8274509803921568,0.5294117647058824,1]},"o":{"a":0,"k":100},"r":1,"nm":"Fläche 1","mn":"ADBE Vector Graphic - Fill"},{"ty":"tr","p":{"a":0,"k":[97.039,84.191],"ix":2},"a":{"a":0,"k":[0,0],"ix":1},"s":{"a":0,"k":[100,100],"ix":3},"r":{"a":0,"k":0,"ix":6},"o":{"a":0,"k":100,"ix":7},"sk":{"a":0,"k":0,"ix":4},"sa":{"a":0,"k":0,"ix":5},"nm":"Transformieren"}],"nm":"Gruppe 1","np":2,"cix":2,"ix":1,"mn":"ADBE Vector Group"}],"ip":0,"op":150,"st":0,"bm":0},{"ddd":0,"ind":20,"ty":4,"nm":"Ebene 25 Konturen","sr":1,"ks":{"o":{"a":0,"k":100},"r":{"a":1,"k":[{"i":{"x":[0.833],"y":[0.833]},"o":{"x":[0.167],"y":[0.167]},"n":["0p833_0p833_0p167_0p167"],"t":3,"s":[-256],"e":[0]},{"t":23}]},"p":{"a":1,"k":[{"i":{"x":0,"y":0.718},"o":{"x":0.167,"y":0.167},"n":"0_0p718_0p167_0p167","t":3,"s":[157.5,140,0],"e":[78.559,168.874,0],"to":[0,0,0],"ti":[0,0,0]},{"t":23}]},"a":{"a":0,"k":[78.559,168.874,0]},"s":{"a":1,"k":[{"i":{"x":[0.042,0.042,0.833],"y":[1.006,1.006,-26.778]},"o":{"x":[0.167,0.167,0.167],"y":[0.167,0.167,16.667]},"n":["0p042_1p006_0p167_0p167","0p042_1p006_0p167_0p167","0p833_-26p778_0p167_16p667"],"t":3,"s":[0,0,100],"e":[100,100,100]},{"t":23}]}},"ao":0,"shapes":[{"ty":"gr","it":[{"ind":0,"ty":"sh","ix":1,"ks":{"a":0,"k":{"i":[[0.516,-0.432],[0,0],[0,0],[-0.219,-0.569],[0,0],[0,0],[-0.668,0.051],[0,0],[0,0],[-0.173,0.65],[0,0],[0,0],[0.562,0.351],[0,0],[0,0]],"o":[[0,0],[0,0],[-0.588,-0.159],[0,0],[0,0],[-0.376,0.559],[0,0],[0,0],[0.405,0.518],[0,0],[0,0],[0.623,-0.239],[0,0],[0,0],[-0.02,-0.669]],"v":[[1.633,-6.229],[-1.096,-3.945],[-4.463,-4.856],[-5.442,-3.768],[-4.183,-0.516],[-6.17,2.436],[-5.463,3.681],[-1.958,3.407],[0.182,6.143],[1.598,5.824],[2.507,2.403],[5.814,1.142],[5.984,-0.299],[3.04,-2.141],[2.945,-5.656]],"c":true}},"nm":"Pfad 1","mn":"ADBE Vector Shape - Group"},{"ty":"fl","c":{"a":0,"k":[0.4235294117647059,0.8274509803921568,0.5294117647058824,1]},"o":{"a":0,"k":100},"r":1,"nm":"Fläche 1","mn":"ADBE Vector Graphic - Fill"},{"ty":"tr","p":{"a":0,"k":[78.54,168.865],"ix":2},"a":{"a":0,"k":[0,0],"ix":1},"s":{"a":0,"k":[100,100],"ix":3},"r":{"a":0,"k":0,"ix":6},"o":{"a":0,"k":100,"ix":7},"sk":{"a":0,"k":0,"ix":4},"sa":{"a":0,"k":0,"ix":5},"nm":"Transformieren"}],"nm":"Gruppe 1","np":2,"cix":2,"ix":1,"mn":"ADBE Vector Group"}],"ip":0,"op":150,"st":0,"bm":0},{"ddd":0,"ind":21,"ty":4,"nm":"Ebene 26 Konturen","sr":1,"ks":{"o":{"a":0,"k":100},"r":{"a":1,"k":[{"i":{"x":[0.833],"y":[0.833]},"o":{"x":[0.167],"y":[0.167]},"n":["0p833_0p833_0p167_0p167"],"t":17,"s":[50],"e":[18]},{"t":37}]},"p":{"a":1,"k":[{"i":{"x":0,"y":0.897},"o":{"x":0.167,"y":0.167},"n":"0_0p897_0p167_0p167","t":17,"s":[157.5,140,0],"e":[155.771,214.44,0],"to":[0,0,0],"ti":[0,0,0]},{"t":37}]},"a":{"a":0,"k":[155.771,214.44,0]},"s":{"a":1,"k":[{"i":{"x":[0.042,0.042,0.833],"y":[1.008,1.008,-26.778]},"o":{"x":[0.167,0.167,0.167],"y":[0.167,0.167,15.952]},"n":["0p042_1p008_0p167_0p167","0p042_1p008_0p167_0p167","0p833_-26p778_0p167_15p952"],"t":17,"s":[0,0,100],"e":[67,67,100]},{"t":37}]}},"ao":0,"shapes":[{"ty":"gr","it":[{"ind":0,"ty":"sh","ix":1,"ks":{"a":0,"k":{"i":[[1.312,-0.183],[0,0],[0,0],[0.227,-1.177],[0,0],[0,0],[-1.168,-0.61],[0,0],[0,0],[-0.967,0.904],[0,0],[0,0],[0.57,1.171],[0,0],[0,0]],"o":[[0,0],[0,0],[-0.816,-0.879],[0,0],[0,0],[-1.21,0.541],[0,0],[0,0],[0.137,1.287],[0,0],[0,0],[1.289,0.251],[0,0],[0,0],[0.665,-1.137]],"v":[[10.542,-8.02],[3.609,-7.053],[-1.06,-12.084],[-3.829,-11.291],[-5.121,-4.55],[-11.514,-1.696],[-11.632,1.119],[-5.496,4.318],[-4.779,11.114],[-2.084,12.058],[2.999,7.295],[9.835,8.642],[11.62,6.414],[8.627,0.269],[12.136,-5.695]],"c":true}},"nm":"Pfad 1","mn":"ADBE Vector Shape - Group"},{"ty":"fl","c":{"a":0,"k":[0.4235294117647059,0.8274509803921568,0.5294117647058824,1]},"o":{"a":0,"k":100},"r":1,"nm":"Fläche 1","mn":"ADBE Vector Graphic - Fill"},{"ty":"tr","p":{"a":0,"k":[155.828,214.455],"ix":2},"a":{"a":0,"k":[0,0],"ix":1},"s":{"a":0,"k":[100,100],"ix":3},"r":{"a":0,"k":0,"ix":6},"o":{"a":0,"k":100,"ix":7},"sk":{"a":0,"k":0,"ix":4},"sa":{"a":0,"k":0,"ix":5},"nm":"Transformieren"}],"nm":"Gruppe 1","np":2,"cix":2,"ix":1,"mn":"ADBE Vector Group"}],"ip":0,"op":150,"st":0,"bm":0},{"ddd":0,"ind":22,"ty":4,"nm":"Ebene 27 Konturen","sr":1,"ks":{"o":{"a":0,"k":100},"r":{"a":1,"k":[{"i":{"x":[0.833],"y":[0.833]},"o":{"x":[0.167],"y":[0.167]},"n":["0p833_0p833_0p167_0p167"],"t":11,"s":[-239],"e":[0]},{"t":31}]},"p":{"a":1,"k":[{"i":{"x":0,"y":0.5},"o":{"x":0.167,"y":0.167},"n":"0_0p5_0p167_0p167","t":11,"s":[157.5,140,0],"e":[219.606,61.933,0],"to":[0,0,0],"ti":[0,0,0]},{"t":31}]},"a":{"a":0,"k":[219.606,61.933,0]},"s":{"a":1,"k":[{"i":{"x":[0.042,0.042,0.833],"y":[1.006,1.006,-26.778]},"o":{"x":[0.167,0.167,0.167],"y":[0.167,0.167,16.667]},"n":["0p042_1p006_0p167_0p167","0p042_1p006_0p167_0p167","0p833_-26p778_0p167_16p667"],"t":11,"s":[0,0,100],"e":[100,100,100]},{"t":31}]}},"ao":0,"shapes":[{"ty":"gr","it":[{"ind":0,"ty":"sh","ix":1,"ks":{"a":0,"k":{"i":[[0.946,-0.131],[0,0],[0,0],[0.163,-0.849],[0,0],[0,0],[-0.842,-0.44],[0,0],[0,0],[-0.697,0.652],[0,0],[0,0],[0.411,0.845],[0,0],[0,0]],"o":[[0,0],[0,0],[-0.588,-0.633],[0,0],[0,0],[-0.872,0.39],[0,0],[0,0],[0.099,0.928],[0,0],[0,0],[0.929,0.181],[0,0],[0,0],[0.479,-0.819]],"v":[[7.601,-5.783],[2.602,-5.086],[-0.764,-8.713],[-2.76,-8.141],[-3.693,-3.281],[-8.301,-1.223],[-8.387,0.807],[-3.962,3.114],[-3.445,8.013],[-1.503,8.694],[2.163,5.259],[7.09,6.23],[8.378,4.624],[6.219,0.195],[8.749,-4.107]],"c":true}},"nm":"Pfad 1","mn":"ADBE Vector Shape - Group"},{"ty":"fl","c":{"a":0,"k":[0.4235294117647059,0.8274509803921568,0.5294117647058824,1]},"o":{"a":0,"k":100},"r":1,"nm":"Fläche 1","mn":"ADBE Vector Graphic - Fill"},{"ty":"tr","p":{"a":0,"k":[219.647,61.944],"ix":2},"a":{"a":0,"k":[0,0],"ix":1},"s":{"a":0,"k":[100,100],"ix":3},"r":{"a":0,"k":0,"ix":6},"o":{"a":0,"k":100,"ix":7},"sk":{"a":0,"k":0,"ix":4},"sa":{"a":0,"k":0,"ix":5},"nm":"Transformieren"}],"nm":"Gruppe 1","np":2,"cix":2,"ix":1,"mn":"ADBE Vector Group"}],"ip":0,"op":150,"st":0,"bm":0}]}